name,symbol,current_price,total_volume,market_cap
Bitcoin,btc,69833,14260887025,1379011810507
Ethereum,eth,3691.18,7004169994,444291227981
Tether,usdt,0.997866,18879591370,112452549834
BNB,bnb,647.23,1577762028,99850601185
Solana,sol,161.56,1577826346,74642174304
Lido Staked Ether,steth,3688.79,58688016,35114914519
USDC,usdc,0.999605,3660584901,32120640619
XRP,xrp,0.500938,793034848,27913798494
Dogecoin,doge,0.145779,653002082,21149554439
Toncoin,ton,7.17,205132598,17454234102
Cardano,ada,0.443557,420450500,15762974220
Shiba Inu,shib,2.324e-05,463699292,13750590642
Avalanche,avax,32.79,300709825,12931719476
Wrapped Bitcoin,wbtc,69861,100632394,10690072702
TRON,trx,0.117246,352385387,10253544195
Chainlink,link,16.02,315488669,9441868178
Bitcoin Cash,bch,471.41,220777301,9311438069
Polkadot,dot,6.52,206258666,8989297958
Uniswap,uni,10.43,280031446,7902965121
NEAR Protocol,near,6.54,274937131,7109838960
Polygon,matic,0.653329,301305809,6080952900
Litecoin,ltc,80.06,313923707,5980217175
Wrapped eETH,weeth,3837.33,43739037,5602845698
LEO Token,leo,5.88,968728,5442750507
Pepe,pepe,1.278e-05,672495389,5404685112
Dai,dai,0.997949,452266307,5276334739
Internet Computer,icp,10.93,141093522,5106223518
Fetch.ai,fet,1.72,174554326,4338452089
Kaspa,kas,0.167796,63716584,3985455724
Ethereum Classic,etc,26.76,136726597,3959562354
Aptos,apt,8.43,221163068,3704436735
Renzo Restaked ETH,ezeth,3684.36,71433682,3672414248
Render,rndr,9.19,135398617,3579262122
Ethena USDe,usde,0.998305,1072942084,3394934038
Monero,xmr,179.81,136136656,3326084714
Filecoin,fil,5.9,240560625,3325016808
Stacks,stx,2.25,62043398,3306122025
Hedera,hbar,0.090507,56228559,3242291961
First Digital USD,fdusd,0.998105,1527141289,3189701615
Cosmos Hub,atom,7.87,187580666,3078650915
Mantle,mnt,0.932893,80224913,3049451548
Immutable,imx,2.02,119695769,3001332063
Stellar,xlm,0.100298,41584467,2923002599
Cronos,cro,0.10827,8790391,2907948790
dogwifhat,wif,2.84,399216689,2848366019
Arbitrum,arb,0.972225,246775558,2823421655
Injective,inj,29.36,190682106,2821584876
OKB,okb,46.98,5357963,2819101070
FLOKI,floki,0.00027324,344589631,2664930297
Sui,sui,1.056,302324131,2567161283
The Graph,grt,0.264872,158080453,2526925885
Arweave,ar,37.59,58419053,2463027489
Bittensor,tao,352.22,34299147,2443663142
Optimism,op,2.21,237756899,2414373799
VeChain,vet,0.03147875,39473272,2295741107
Maker,mkr,2393.85,97212544,2227874968
Rocket Pool ETH,reth,4091.55,5359404,2068905609
Theta Network,theta,1.94,18066729,1952325417
Fantom,ftm,0.689516,96356959,1941582693
JasmyCoin,jasmy,0.03968734,226018877,1930792557
Notcoin,not,0.01873659,793126828,1925836131
Bonk,bonk,2.812e-05,250636143,1872565928
Ondo,ondo,1.27,161107825,1833488425
Brett,brett,0.180504,125502887,1793261787
THORChain,rune,5.28,178387006,1777424728
Celestia,tia,9.16,66725891,1737854159
Mantle Staked Ether,meth,3805.98,4277651,1728534250
Lido DAO,ldo,1.92,179752120,1718418923
Bitget Token,bgb,1.17,60776601,1633135119
Pyth Network,pyth,0.416604,104031412,1514160306
Core,core,1.7,34761751,1513997221
Starknet,strk,1.13,66747897,1475758871
EOS,eos,0.712231,185631609,1469772681
Sei,sei,0.492709,62071941,1442626781
WhiteBIT Coin,wbt,9.89,5756961,1428722445
Algorand,algo,0.170676,34975940,1399946099
Aave,aave,92.45,133585269,1379522590
GALA,gala,0.037933,89300302,1356515903
Jupiter,jup,1.0,82814456,1347985535
Ethena,ena,0.808567,132399161,1305864879
Quant,qnt,89.2,25621941,1298005982
ORDI,ordi,58.08,210209032,1221372045
Flow,flow,0.803175,21366974,1217955400
Flare,flr,0.02900858,17303626,1180975529
Cheelee,cheel,20.55,5645815,1167951969
Chiliz,chz,0.128847,154876068,1148973814
Beam,beam,0.02313157,19309461,1146593284
Wormhole,w,0.625408,119178438,1123534024
Gate,gt,8.59,2972403,1119580408
dYdX,dydx,1.88,21143358,1116436008
Bitcoin SV,bsv,55.91,13051376,1104596233
Kelp DAO Restaked ETH,rseth,3729.95,1994493,1102914635
Axie Infinity,axs,7.38,44747695,1085137867
BitTorrent,btt,1.09e-06,123545723,1054715578
Worldcoin,wld,4.27,288731926,1019987300
Akash Network,akt,4.2,7395281,1007915186
Tokenize Xchange,tkx,12.48,10006565,1000022091
KuCoin,kcs,10.36,82306,992987720
Ronin,ron,2.94,17344449,971238892
MultiversX,egld,35.5,19566677,963864527
NEO,neo,13.55,23638063,957503166
The Sandbox,sand,0.420486,167069683,955397693
Zebec Protocol,zbc,0.0185621,9036.03,945935019
SingularityNET,agix,0.724694,82787687,934567986
MANTRA,om,1.06,85745940,879405393
Marinade Staked SOL,msol,193.35,9158768,872582991
Gnosis,gno,327.66,3269828,850925343
Pendle,pendle,5.37,46628994,843612658
Tezos,xtz,0.851119,45944287,842453746
Mina Protocol,mina,0.747595,19879283,839100178
eCash,xec,4.193e-05,5019886,828497553
NEXO,nexo,1.46,5185741,820687325
Oasis Network,rose,0.120578,65638270,812833727
Synthetix Network,snx,2.44,20739872,801976385
ether.fi Staked ETH,eeth,3690.85,243967,790789351
Conflux,cfx,0.194726,25897002,790635973
Decentraland,mana,0.420443,138632463,786544924
BOOK OF MEME,bome,0.0108824,111942332,749960583
Lido Staked SOL,stsol,191.88,310501,747280571
Safe,safe,1.75,14956829,745501238
Klaytn,klay,0.201155,10413193,741882965
DeXe,dexe,12.97,10112342,741333236
Livepeer,lpt,22.63,68666444,737319675
USDD,usdd,0.997949,4294234,734868824
Frax Ether,frxeth,3682.46,1786316,727772185
DOG•GO•TO•THE•MOON (Runes),dog,0.00726196,42709956,725056076
ApeCoin,ape,1.15,38598555,721734435
Nervos Network,ckb,0.0161703,55906941,721175961
PancakeSwap,cake,2.66,51074757,710260620
Fasttoken,ftn,2.21,9986277,700215334
Kava,kava,0.643969,6401587,699162187
IOTA,iota,0.210902,15867692,694241071
AIOZ Network,aioz,0.633778,4278368,692638711
ConstitutionDAO,people,0.132706,387317921,679192286
Ethereum Name Service,ens,20.78,63282378,657207702
Coinbase Wrapped Staked ETH,cbeth,3953.45,5023707,653471505
Swell Ethereum,sweth,3903.05,4003722,650021772
Frax,frax,0.995611,21933280,647513954
MAGA,trump,13.67,6376914,637504894
Aevo,aevo,0.757643,69723586,634719683
Terra Luna Classic,lunc,0.00010798,17222708,627632044
Blur,blur,0.360264,26497663,601129510
Helium,hnt,3.56,15797038,592199957
Axelar,axl,0.855451,11712802,587027172
SATS (Ordinals),sats,2.76391e-07,15129746,583162291
Theta Fuel,tfuel,0.087812,2238343,579174635
Staked Frax Ether,sfrxeth,4007.91,332953,577655353
Tether Gold,xaut,2313.36,7479721,570153580
Illuvium,ilv,86.22,9732801,568125065
Polymesh,polyx,0.521927,242112317,557606361
Bitcoin Gold,btg,31.34,3789490,550621173
XDC Network,xdc,0.03590536,5080567,535188581
1inch,1inch,0.444567,35533332,530579135
WOO,woo,0.277064,13886543,525722402
Arkham,arkm,2.22,76795891,518406693
CorgiAI,corgiai,0.00149826,135591,515240861
Curve DAO,crv,0.411242,72735559,510507534
IoTeX,iotx,0.0537,11301862,509773616
Manta Network,manta,1.56,25008905,507142084
dYdX,ethdydx,1.88,23353424,504148961
Echelon Prime,prime,12.34,29837215,504044928
Astar,astr,0.088549,22114159,502583318
TrueUSD,tusd,0.998638,20323108,496577591
cat in a dogs world,mew,0.00554134,125533982,491062112
PepeCoin,pepecoin,4.12,1844577,486326600
Memecoin,meme,0.02457574,27434981,481264065
Ocean Protocol,ocean,0.737336,22687883,480035546
Trust Wallet,twt,1.15,10271559,479476738
Stader ETHx,ethx,3805.68,143320,477673566
Biconomy,bico,0.580448,50659163,470351240
Mog Coin,mog,1.19e-06,28209008,469010533
Ether.fi,ethfi,3.98,76097348,456787768
Aerodrome Finance,aero,0.930594,25459651,453778494
AltLayer,alt,0.295841,33261564,449953364
Osmosis,osmo,0.672383,18006950,447768117
Golem,glm,0.445547,6211241,446678249
cETH,ceth,74.12,407.56,446413508
Beercoin,beer,0.00049883,162820827,444877490
APENFT,nft,4.41988e-07,116789382,437976951
WEMIX,wemix,1.2,5133155,436110245
Kusama,ksm,28.79,9578222,435441161
Dymension,dym,2.47,19276756,432605971
Raydium,ray,1.63,8788565,430802508
GMT,gmt,0.203355,21186797,428744488
PAX Gold,paxg,2317.21,4643417,427885324
Turbo,turbo,0.00609925,110346213,421592763
SuperVerse,super,0.91067,4872157,412946773
Radix,xrd,0.03883311,1276627,406868252
Rocket Pool,rpl,19.82,5096738,406626709
USDB,usdb,0.996979,37517153,405526202
Holo,hot,0.0022756,8688793,405086654
Ankr Network,ankr,0.0401211,9437684,402233339
PayPal USD,pyusd,0.998637,9453885,399187624
Zilliqa,zil,0.02149554,12285974,398114452
Celo,celo,0.736916,11741916,398050582
Terra,luna,0.577492,18447886,397774071
Jito,jto,3.24,47869692,397489133
0x Protocol,zrx,0.461201,10225411,392248218
MX,mx,3.97,39317176,390911579
Popcat,popcat,0.3931,14286022,387727212
Enjin Coin,enj,0.255681,22347924,376335648
Metis,metis,65.49,10667820,373731909
Aragon,ant,9.3,5158421,372502471
API3,api3,3.22,34533070,372400069
Reserve Rights,rsr,0.00734315,40423794,371638318
Compound,comp,53.93,32410210,371148091
GMX,gmx,38.61,26015847,369110329
Zcash,zec,24.0,73452832,364564194
Galxe,gal,3.13,6727282,363012032
SafePal,sfp,0.775172,2117305,359522001
Ravencoin,rvn,0.02574256,10474268,359419252
EthereumPoW,ethw,3.3,5780710,357104016
Arcblock,abt,3.55,1762952,350688634
Siacoin,sc,0.00599158,2251870,346882164
OriginTrail,trac,0.840596,1879434,343553438
cWBTC,cwbtc,1404.7,0.0,342493445
SKALE,skl,0.065878,18828532,342095020
Frax Share,fxs,4.22,12765449,338604490
Amp,amp,0.00607855,8247237,335695526
Basic Attention,bat,0.224126,21458491,335036683
Qtum,qtum,3.16,13342078,333240000
Nosana,nos,3.97,1610078,331398230
aelf,elf,0.450527,12682018,327761539
Liquid Staked ETH,lseth,3875.16,239753,323562771
Yield Guild Games,ygg,0.866755,40859328,323489125
Venom,venom,0.19468,11559373,322476562
Flux,flux,0.916447,9021323,319739595
Dash,dash,26.66,25566407,316468760
Casper Network,cspr,0.02590765,4655901,313932479
Mask Network,mask,3.26,37334893,313285665
Pixels,pixel,0.405343,33705473,311766035
ZetaChain,zeta,1.12,19087357,309651800
Decred,dcr,19.03,1236907,307343529
Threshold Network,t,0.03110661,4057810,303053468
Ampleforth,ampl,1.35,3361489,303015425
Nexus Mutual,nxm,77.86,0.0,300549658
Chia,xch,28.32,15801651,298963575
MMX,mmx,2.08,666360,297421050
JUST,jst,0.02998404,6867264,297177450
NetMind Token,nmt,8.13,2581872,296880442
Centrifuge,cfg,0.592944,683548,293428273
Gas,gas,4.4,3795772,286891853
SPACE ID,id,0.650312,10692919,281097969
SSV Network,ssv,38.67,16359761,274647523
Wrapped Beacon ETH,wbeth,3841.43,1764068,272974509
Loopring,lrc,0.218276,18594348,272587420
Blox,cdt,0.397222,253413,268499117
Baby Doge Coin,babydoge,1.757e-09,17414563,267119070
TrueFi,tru,0.2291,95180503,262135121
Chromia,chr,0.314584,8686779,255678199
PONKE,ponke,0.510737,36723733,254861168
Moonbeam,glmr,0.293203,4094142,254823880
Coin98,c98,0.243379,7644209,253724169
BENQI Liquid Staked AVAX,savax,37.79,1462543,252759326
BounceBit,bb,0.615888,120716443,251715647
Bitcoin Avalanche Bridged (BTC.b),btc.b,69796,4219870,248724284
UMA,uma,3.05,14682189,248139432
Vanar Chain,vanry,0.17551,12655909,246754377
ANDY ETH,andy,0.00024154,9558161,244249296
Ontology,ont,0.268366,8429004,242295701
Tellor Tributes,trb,92.96,35099839,241986350
OKT Chain,okt,13.32,296335,238161496
Escoin,elg,1.28,1096522,236693156
Audius,audio,0.189449,71404746,234937754
Goldfinch,gfi,3.08,4101625,233322495
Osaka Protocol,osak,3.06028e-07,243823,232961308
Tribe,tribe,0.510195,40876,232319115
tBTC,tbtc,69404,582847,232130702
Slerf,slerf,0.465066,106489380,232048898
Harmony,one,0.01857618,5966918,229133371
Dusk,dusk,0.49086,28560237,228836579
Telcoin,tel,0.00291178,791309,226800887
Degen (Base),degen,0.01809309,26014576,226262991
Beldex,bdx,0.03468679,843612,224481407
VeThor,vtho,0.00289042,1569856,222933745
FINSCHIA,fnsa,28.2,617682,222843867
Delysium,agi,0.260737,4058892,220272427
Creditcoin,ctc,0.640918,963294,218395660
Bridged RSS3 (Ethereum),rss3,0.32294,12564241,218343738
Mythos,myth,0.424902,193083,217924062
Myro,$myro,0.216268,26952503,216046721
yearn.finance,yfi,6452.92,14318493,215081035
Band Protocol,band,1.5,6767059,214564649
Wrapped Centrifuge,wcfg,0.591962,579515,213962353
Oraichain,orai,13.24,2402403,212466575
Kadena,kda,0.750536,6092686,209148883
iExec RLC,rlc,2.88,5751642,208627261
Balancer,bal,3.63,7042320,208546136
MCOIN,mcoin,1.17,1338242,207013011
Saga,saga,2.17,34540368,205719840
Aleph Zero,azero,0.644552,2308224,204945942
Magic,magic,0.772472,17922730,203837375
Sushi,sushi,1.048,23277535,202555428
Decentralized Social,deso,19.11,9179052,201684839
Olympus,ohm,12.17,246757,199350779
0x0.ai: AI Smart Contract,0x0,0.222616,1102664,199115499
MimbleWimbleCoin,mwc,18.06,5264.62,198209559
SwissBorg,borg,0.200471,1429817,197521693
WAX,waxp,0.056925,2399522,196849390
Convex Finance,cvx,2.4,3212954,196775832
Xai,xai,0.707453,30603480,196379225
ICON,icx,0.192924,1867618,193846714
PAAL AI,paal,0.29779,5418932,193744682
Toshi,toshi,0.00045956,3170423,193595548
TokenFi,token,0.131096,19710936,193245717
Zentry,zent,0.03536888,17707488,192460482
COTI,coti,0.121346,6555960,191471789
NEM,xem,0.02117387,2722150,191241690
Lisk,lsk,1.31,2222658,190005069
Prom,prom,10.43,2490429,189932546
LCX,lcx,0.243514,1044357,189323651
Solar,sxp,0.307386,6072945,185160372
Non-Playable Coin,npc,0.0229657,7420238,184954162
Marlin,pond,0.02276428,2541757,184563246
Open Campus,edu,0.706414,12833364,184045718
Universal ETH,unieth,3939.31,248897,183206070
Pocket Network,pokt,0.109022,708998,182790698
CHEX Token,chex,0.183427,1701909,182251518
Neutron,ntrn,0.648726,2470824,181351067
CYBER,cyber,8.09,13823211,181047002
World Mobile Token,wmt,0.302929,1477987,179044617
H2O Dao,h2o,0.216409,528370,175297689
CoinEx,cet,0.060315,277856,173765441
DigiByte,dgb,0.01017286,6086756,173511487
Smooth Love Potion,slp,0.00414887,11289803,172345651
Milady Meme Coin,ladys,1.90637e-07,9216688,170458346
Cartesi,ctsi,0.207264,4087130,170107547
Bitkub Coin,kub,1.89,424908,167369025
Numeraire,nmr,24.2,4994799,165838099
Renzo,rez,0.142598,55091062,163852604
inSure DeFi,sure,0.00623167,977340,163195700
Fusionist,ace,4.86,19404889,162348919
Alchemix USD,alusd,0.964503,350739,161895342
Omni Network,omni,15.52,35392336,160740751
Rollbit Coin,rlb,0.061609,670650,160714658
DAO Maker,dao,0.635499,1280120,159791680
Big Time,bigtime,0.166827,11959059,158005238
VVS Finance,vvs,3.45e-06,254246,157724414
Apu Apustaja,apu,0.00048992,11390620,157034830
Kujira,kuji,1.27,482352,155572988
Alephium,alph,1.92,1844728,154360428
Songbird,sgb,0.01037715,641406,154054633
ARK,ark,0.838932,27320252,152917628
IQ,iq,0.00828411,2324714,152763063
My Neighbor Alice,alice,1.65,26333792,152108516
Coq Inu,coq,2.19e-06,4546613,151859230
Venus,xvs,9.59,8439952,151843303
Wilder World,wild,0.546368,579990,151635426
Taiko,taiko,2.35,28459649,150335293
SmarDex,sdex,0.01780287,424046,150133539
Nano,xno,1.11,1531284,148581907
RSK Infrastructure Framework,rif,0.147889,1714275,148374782
TerraClassicUSD,ustc,0.02161055,7275301,147668007
Ondo US Dollar Yield,usdy,1.042,162440,147347137
Metars Genesis,mrs,1.74,98133,146584465
IOST,iost,0.00782113,5860592,146577347
Bone ShibaSwap,bone,0.583713,5561152,146158485
BORA,bora,0.138388,2401676,144779562
Metaplex,mplx,0.272501,592369,144721472
Ontology Gas,ong,0.379661,7742613,144429446
BitMart,bmx,0.424611,925499,144118737
Dora Factory,dora,0.144117,935510,144062798
Powerledger,powr,0.273595,4698555,144005848
Energy Web,ewt,2.83,1145921,143814719
Pax Dollar,usdp,1.0,5304906,140766609
Spell,spell,0.00096843,11529435,140715552
Bitcoin Wizards,wzrd,6.69,292050,140440511
Across Protocol,acx,0.397169,412244,140303968
JOE,joe,0.409893,3923382,140257317
Stride,strd,1.54,61747,139243383
Bounce,auction,21.36,24308193,138965006
Moonriver,movr,15.34,9323761,137914623
Helium Mobile,mobile,0.00150595,2748335,137126337
Seedify.fund,sfund,2.15,6164764,136681545
Hivemapper,honey,0.075805,1204387,136564037
michi,$michi,0.245763,9393029,136514670
Gemini Dollar,gusd,0.998677,794038,135886014
Jeo Boden,boden,0.197681,5823904,135663798
Synternet,noia,0.169765,876680,135598383
HarryPotterObamaSonic10Inu (ETH),bitcoin,0.134821,1796038,134914434
Waves,waves,1.34,24392710,134885682
STASIS EURO,eurs,1.076,1156127,133374141
Portal,portal,0.798535,28231527,133369285
Pundi X,pundix,0.520467,27325349,133346154
Kyber Network Crystal,knc,0.778725,36258642,133217379
Clearpool,cpool,0.220252,4992716,133149581
Covalent,cqt,0.208917,1386673,132310012
Synapse,syn,0.601969,3935101,132278557
Alchemy Pay,ach,0.02665853,10447011,132056858
PHALA,pha,0.180624,5829749,132016549
Status,snt,0.03320809,1748865,131617483
AirTor Protocol,ator,1.78,1530532,131511534
MiL.k Alliance,mlk,0.361511,33898976,131186852
Syscoin,sys,0.16799,1432050,131122915
Maple,mpl,16.67,4299732,130400091
Sleepless AI,ai,1.0,21148501,130294196
Cream,cream,77.13,1394555,129676541
Stratis,strax,0.067435,3294470,129065948
GME,gme,0.01860288,128603575,128241317
Bluzelle,blz,0.296892,35056597,127820532
ApeX,apex,2.71,35913030,127610652
Tensor,tnsr,1.019,65106871,127144483
PUPS (Ordinals),pups,16.4,1659433,127087816
Polygon Ecosystem Token,pol,0.65465,748050,127079754
Origin Ether,oeth,3690.71,2047862,126917051
ECOMI,omi,0.0004492,364995,126288512
Wexo,wexo,2.42,481.87,126088646
MVL,mvl,0.00504832,4931437,125965101
Gomining Token,gomining,0.297994,6376287,125794431
Orbs,orbs,0.02894259,2073334,125770620
Hooked Protocol,hook,0.774543,5215046,125503211
LeverFi,lever,0.00389439,17297953,125323214
Wen,$wen,0.00017206,15981349,125133764
Hive,hive,0.288351,1741836,124198387
Sun Token,sun,0.01261466,128436719,124062876
Zignaly,zig,0.087022,4597258,123795482
crvUSD,crvusd,0.993767,133221140,123572771
Adventure Gold,agld,1.58,19120484,122886484
Frontier,front,1.39,122966874,122844270
Horizen,zen,8.05,5413837,122378915
Ribbon Finance,rbn,0.757586,1651361,121020878
Constellation,dag,0.03978428,2214309,120634279
Velo,velo,0.0160289,13591500,119211324
Paycoin,pci,0.118198,1424564,119140795
DODO,dodo,0.180941,6431070,118841017
Celer Network,celr,0.02095234,3912624,118654816
Phoenix,phb,2.36,8566422,117465420
Nym,nym,0.147645,1219990,117077727
Stargate Finance,stg,0.570686,22214107,116405780
WUFFI,wuf,1.17e-06,7969016,116385025
Boba Network,boba,0.30451,2556764,116049922
Oasys,oas,0.062174,959925,115506253
Dent,dent,0.00120362,3297423,115391657
Cudos,cudos,0.01616736,566721,114313943
Banana Gun,banana,47.16,3557003,114023164
Unizen,zcx,0.163895,21510721,113864370
Orca,orca,2.22,1248065,113338916
LimeWire,lmwr,0.395571,3797306,112880028
Steem,steem,0.241715,1667136,112379350
Vulcan Forged,pyr,4.68,8037350,111974684
Spectral,spec,10.66,6238412,111965703
Stader MaticX,maticx,0.727145,124287,111218486
Tokenlon,lon,0.966399,70400,110922677
Hashflow,hft,0.2707,4513674,110511395
Bazaars,bzr,9.45,227687,110499052
Doland Tremp,tremp,1.094,13724470,109399429
Solidus Ai Tech,aitech,0.1748,13799044,109210541
WINkLink,win,0.00010963,4398031,109008326
Tenset,10set,0.649738,674942,108780218
Dogelon Mars,elon,1.94636e-07,2182052,107593117
Maverick Protocol,mav,0.425938,9249088,106821166
Civic,cvc,0.133079,6048645,106680328
Aurora,aurora,0.223434,2728220,105634806
Kinesis Silver,kag,29.94,139376,105258470
Pundi X [OLD],npxs,0.00044581,1936.31,105181028
Function X,fx,0.144071,234350,105019986
Gains Network,gns,3.09,3076627,104666214
dKargo,dka,0.02481917,809331,103963010
Telos,tlos,0.246781,7097984,103764287
Request,req,0.134795,1391278,103665406
XYO Network,xyo,0.00743973,924391,103630222
Liquity,lqty,1.073,13923135,103263017
Everscale,ever,0.052049,182218,102534915
IX Swap,ixs,0.591609,1092062,102273080
Kinesis Gold,kau,74.43,170498,101887134
Maya Protocol,cacao,1.012,675416,101145488
MANEKI,maneki,0.01142209,22808923,100394483
Dione,dione,0.01056405,734206,99722898
Propy,pro,1.72,3105398,99506263
BTSE Token,btse,0.61114,1858.06,99037965
Bancor Network,bnt,0.739885,3871876,98738156
Shentu,ctk,0.729671,2153014,98621635
HashAI,hashai,0.00109996,307797,97976488
DOLA,dola,0.990245,2460460,97788323
ALEX Lab,alex,0.184343,652837,97436441
Ozone Chain,ozo,0.221954,156442,97116228
Radiant Capital,rdnt,0.172469,18520182,97115302
Forta,fort,0.22495,689209,96547207
Humans.ai,heart,0.01726133,282138,96330466
Uquid Coin,uqc,9.61,2283633,96141803
Myria,myria,0.00485306,1168142,96051842
Medibloc,med,0.01060945,1329464,95879172
Marblex,mbx,0.758314,1521782,95597639
Mines of Dalarnia,dar,0.163129,12023395,95509548
Stella,alpha,0.107594,2745858,95372421
MAGA Hat,maga,0.00023431,78779054,95264662
UniX,unix,0.336804,883.66,94827391
Hifi Finance,hifi,0.743452,19654778,94712805
STP,stpt,0.04864239,1887963,94668392
Pangolin,png,0.432439,899063,94473743
Secret,scrt,0.34681,1287756,94230759
BENQI,qi,0.02013031,2281736,94194606
Wojak,wojak,0.00133386,9296726,93819613
VaultCraft,vcx,0.123023,45708,93643898
Victoria VR,vr,0.01347628,2018216,92226099
Tectum,tet,12.45,1292930,91953227
Mobox,mbox,0.327466,5213523,91546467
Loom Network (NEW),loom,0.074341,2191107,91328532
Snek,snek,0.0012363,1376586,91258495
USDX,usdx,0.818755,279454,91223940
NKYC Token,nkyc,22.67,247034,90783684
Guild of Guardians,gog,0.15396,2269033,90775481
PeiPei,peipei,2.12479e-07,15433105,90732583
Verge,xvg,0.00546749,2620849,90523239
Huobi,ht,0.56575,161826,90504860
BakerySwap,bake,0.31337,10223572,90445395
Nakamoto Games,naka,1.39,21569884,90199711
Moonwell,well,0.0366675,759573,89942158
Acala,aca,0.087612,2986393,89427658
Karrat,karrat,0.917948,56055798,89375093
Metal DAO,mtl,1.38,3111999,89293422
Radio Caca,raca,0.00024193,8516086,88951304
AMATERASU OMIKAMI,omikami,0.08888,3767289,88844184
WazirX,wrx,0.193581,1858016,88700355
The Doge NFT,dog,0.00592326,725974,88568049
ChainGPT,cgpt,0.180838,7563508,88429923
Ardor,ardr,0.087231,7156828,87100756
Friend.tech,friend,0.925147,3348115,87066215
GHO,gho,0.997346,55928127,86836189
Heroes of Mavia,mavia,2.75,15246125,86716038
Crown by Third Time Games,crown,0.495889,612345,86710490
AllianceBlock Nexera,nxra,0.109496,585452,86675166
Basenji,benji,0.086569,8389257,86568767
LandWolf,wolf,9.718e-05,3969127,86404542
Purr,purr,0.142306,4676347,85430952
PacMoon,pac,0.181514,765914,84603724
Liquity USD,lusd,1.0,2905118,84369945
Aavegotchi,ghst,1.63,3374891,83305253
NKN,nkn,0.107162,2886142,83221380
Badger,badger,4.17,5148612,83120306
CANTO,canto,0.139009,2340826,83075189
Gearbox,gear,0.01440422,603225,82891471
Gitcoin,gtc,1.36,5090045,82619741
Gelato,gel,0.337825,108348,82553770
Tokamak Network,ton,1.77,7815952,82539354
Entangle,ngl,0.596742,1393196,82467698
ArbDoge AI,aidoge,4.38195e-10,11021555,82419607
Ergo,erg,1.08,659610,82144053
Velodrome Finance,velo,0.117454,2736656,81848145
Autonolas,olas,1.97,1238482,81818110
Shark Cat,sc,0.082771,4322098,81744779
Virtuals Protocol,virtual,0.081483,2088826,81653671
Radworks,rad,1.63,3286025,81388981
GameBuild,game,0.0051215,7578375,81043050
Keep Network,keep,0.147248,18207.39,80838319
LUKSO,lyx,2.67,359754,80747685
Spacemesh,$smh,1.96,4924938,80370657
Wrapped QUIL,quil,0.23914,1713647,80364682
XPLA,xpla,0.136294,70712,80152348
Bifrost,bfc,0.057459,415945,79942406
Origin Token,ogn,0.135904,7770926,79784012
Krypton DAO,krd,0.778215,429.86,79733546
Verus Coin,vrsc,1.15,6053.28,79634489
Ethernity Chain,ern,3.77,2838483,79352851
SuperRare,rare,0.113724,1971299,79184477
Ultima,ultima,2770.62,2544166,79088632
Chainflip,flip,2.71,946982,78754686
Shadow Token,shdw,0.485218,1021265,78513268
LTO Network,lto,0.180528,7310475,77633213
Euler,eul,4.12,347647,77466622
Access Protocol,acs,0.00217923,1387478,76987061
Grok,$grok,0.01214336,8735061,76939291
Drift Protocol,drift,0.506631,20834827,76362475
Wrapped NXM,wnxm,78.28,1609926,76351018
Redacted,btrfly,246.89,222526,76042263
Automata,ata,0.146575,2810420,75223726
LooksRare,looks,0.075174,2246654,74800759
Foxy,foxy,0.02477615,20078688,74679665
Multibit,mubi,0.0773,7451612,74058113
Resistance Dog,redo,0.739253,783541,74055957
StormX,stmx,0.00670906,4299762,74005296
GamerCoin,ghx,0.118444,1418809,73575416
KOGE,koge,21.71,4706.06,73569938
Hunt,hunt,0.369069,1398551,73479827
NodeAI,gpu,0.743909,1535549,73061198
Perpetual Protocol,perp,1.0,4684283,72825630
AI Analysis Token,aiat,0.802273,1848329,72365022
Alien Worlds,tlm,0.01662255,5824149,72129422
QuarkChain,qkc,0.01028527,1587958,72097354
Dream Machine Token,dmt,119.66,1151226,72058010
Sovryn,sov,1.16,88000,71829583
BUSD,busd,1.005,476680,70831515
Hermez Network,hez,4.07,52449,70431810
Storj,storj,0.485565,16517222,70038812
Ankr Staked ETH,ankreth,4232.99,235864,69665023
Opulous,opul,0.151462,697665,69090025
Clash of Lilliput,col,0.837901,105591,68770253
DexTools,dext,0.807727,167787,68290488
Stafi,fis,0.473996,1983853,68141688
A Hunters Dream,caw,1.06921e-07,1416730,68096069
YES Money,yes,5.58,1996413,67528416
Dynex,dnx,0.746335,4014873,67319147
Agoric,bld,0.101769,186772,67092437
Mainframe,mft,0.00711432,3141.88,66778962
Cortex,ctxc,0.301399,2575949,66750467
CoW Protocol,cow,0.289452,167205,66450855
MovieBloc,mbl,0.0037403,2417799,66330768
TriasLab,trias,6.61,1183542,66255740
L7DEX,lsd,1.38,1813746,65919506
sETH2,seth2,3676.57,25755,65621415
Shardus,ult,0.148716,69.85,65368988
Polkastarter,pols,0.656589,2312687,65330217
Polymath,poly,0.072591,24004,65297710
REI Network,rei,0.066677,1985316,64750554
cUSDC,cusdc,0.0239474,3.08,64613358
ChompCoin,chomp,0.678105,7312319,64213689
PlatON Network,lat,0.01136069,11255190,64193583
Gods Unchained,gods,0.215005,545006,64135180
TOKPIE,tkp,0.806179,100732,63980930
Hippocrat,hpo,0.064351,640681,63932644
pSTAKE Finance,pstake,0.136561,6293795,63750459
QuantCheck,qtk,0.59799,69536,63205059
Decubate,dcb,0.066392,1893819,63061130
OMG Network,omg,0.447598,19920182,62901964
ARPA,arpa,0.064004,4919962,62880688
StakeWise Staked ETH,oseth,3760.73,2124673,62576049
Ren,ren,0.062307,9264811,62408342
Loom Network (OLD),loomold,0.074281,391393,62229297
Zeus Network,zeus,0.370653,10232026,62025302
Railgun,rail,1.092,737211,61852607
catwifhat,$cwif,1.75e-06,15527920,61269648
Litentry,lit,1.092,3070699,61249742
cDAI,cdai,0.0234314,273.02,61086449
Apeiron,aprs,0.589974,13580008,60620252
Coinweb,cweb,0.01244991,972758,60486619
Bitgert,brise,1.52801e-07,15143723,60461433
Sidus,sidus,0.00543662,565006,60083420
Orion,orn,1.73,5489486,59993332
Cobak,cbk,0.70785,4173040,59862239
Metadium,meta,0.03445091,1559119,58804012
ViciCoin,vcnt,22.52,729223,58727395
Linear,lina,0.00930311,9326898,58605487
Swarm Markets,smt,0.742488,175785,58494249
Sweat Economy,sweat,0.0074014,5997595,58090140
MATH,math,0.330202,1357282,57884704
RAMP [OLD],ramp,0.13903,4553.45,57268898
Ultra,uos,0.14761,801894,57267853
Boson Protocol,boson,0.439081,710376,56837344
Onyxcoin,xcn,0.00192419,4722861,56719761
OctaSpace,octa,1.85,581355,56706767
Komodo,kmd,0.401574,1488841,56303052
Overnight.fi USD+,usd+,0.998248,22842020,55780822
Matr1x Fire,fire,1.59,20939415,55667577
Magic Internet Money,mim,0.99653,61473,55417808
Elastos,ela,2.5,544417,55293967
Orchid Protocol,oxt,0.09301,3507947,55118471
Star Atlas,atlas,0.00341804,1658191,55051788
Whiteheart,white,6166.65,17.95,54888506
SaitaChain Coin,stc,0.00128095,759983,54721436
Clover Finance,clv,0.06784,1984095,54524252
QANplatform,qanx,0.03206999,889927,54430755
SWFTCOIN,swftc,0.00607739,5052176,54338937
MAP Protocol,mapo,0.01231241,5627552,54249246
Clore.ai,clore,0.150351,5620571,54175066
MUMU THE BULL,mumu,2.355e-05,2258488,53951060
NULS,nuls,0.494614,2732135,53786578
Vaiot,vai,0.1606,781766,53296474
VitaDAO,vita,2.09,302133,53271346
Super Trump,strump,0.02232248,7567612,53170528
Samoyedcoin,samo,0.01264312,3340942,52951044
FUNToken,fun,0.00497407,1436585,52934478
Keyboard Cat (Base),keycat,0.00538471,3679541,52792891
COMBO,combo,0.742577,4220679,52761370
Contentos,cos,0.01031124,8037933,52731714
Murasaki,mura,0.913584,7286.86,52395580
Dimitra,dmtr,0.102584,629438,52377253
GameFi.org,gafi,4.77,79624,52354452
Truflation,truf,0.419899,799651,52091297
PlayDapp,pda,0.088364,8784607,51965298
Vyvo Smart Chain,vsc,0.01827704,848803,51879248
Artificial Liquid Intelligence,ali,0.01498884,1279537,51874370
ELYSIA,el,0.00756153,1015405,51813823
Commune AI,comai,0.48975,119053,51677713
Ecoin,ecoin,0.00011197,17.97,51631724
Numbers Protocol,num,0.081183,866788,51631024
Pirate Chain,arrr,0.260686,181009,51403978
Shrapnel,shrap,0.089797,1921256,51327685
Stratos,stos,0.775241,101386,50954508
Rally,rly,0.0101779,2653813,50786227
Alchemix,alcx,22.42,1572589,50475865
DIA,dia,0.453526,12484619,50440133
Spike,spike,0.050237,4959326,50341604
crow with knife,caw,6.5355e-08,730446,50311025
OpSec,opsec,0.551546,808753,49854082
Bonfida,fida,0.355699,23687639,49828107
Flamingo Finance,flm,0.083058,2055425,49527735
Chainge,xchng,0.100247,1880947,49526559
Sai,sai,18.29,90.54,49455769
ChainSwap,cswap,0.051695,526973,49451398
Vtrading,vtrading,0.04925878,495587,49290850
Aleph.im,aleph,0.263812,641467,49213103
Persistence One,xprt,0.239695,521625,49185972
Aergo,aergo,0.110499,1409072,49168168
Celsius Network,cel,1.38,54456123,49166872
Mountain Protocol USD,usdm,0.999026,795286,49036232
Bella Protocol,bel,0.822083,2636518,48916543
DIMO,dimo,0.209141,1969849,48849816
Beta Finance,beta,0.061103,1471582,48788029
MELD,meld,0.01272938,873437,48442928
Quasar,qsr,0.084664,5269.55,48330411
Boba Oppa,bobaoppa,0.00096458,269133,48217193
DeGate,dg,0.12439,65220,48165878
WeatherXM Network,wxm,0.872728,80596,47704434
Electroneum,etn,0.00268575,845144,47686244
Merit Circle,mc,2.31,146302,47459388
Strike,strike,9.42,642846,47420205
Fren Pet,fp,7.48,323183,47325797
Bean,bean,0.935573,22955,47122047
Peng,peng,0.460773,9911412,46668144
Carry,cre,0.00466071,746.01,46607059
Puff The Dragon,puff,0.107885,86914,46513897
SaucerSwap,sauce,0.071661,2719567,46451883
Wanchain,wan,0.232862,1759501,46248902
Cornucopias,copi,0.051875,433451,46061473
Pixer Eternity,pxt,0.02135601,248895,45880718
Parcl,prcl,0.376946,27730664,45700454
Sologenic,solo,0.114411,1694888,45698061
Star Atlas DAO,polis,0.181274,404967,45670938
Zero1 Labs,deai,0.460626,1821222,45349576
Baklava,bava,0.109834,49711,44886327
TempleDAO,temple,1.22,1223.53,44845471
IDEX,idex,0.054593,2243545,44784301
Rowan Coin,rwn,0.229499,463094,44779208
Rich Quack,quack,1.022e-09,828212,44700919
Seamless Protocol,seam,4.88,199433,44606224
PunkCity,punk,1.97,32580,44431200
e-Radix,exrd,0.03888474,355240,44352393
Iron Fish,iron,1.11,439704,44323294
Doge Killer,leash,411.22,1166122,44178945
Steem Dollars,sbd,3.25,26573960,44072277
Neon,neon,0.762675,3595000,43937356
PepeFork,pork,1.32816e-07,2279281,43918657
Ampleforth Governance,forth,3.88,1728801,43903532
Peapods Finance,peas,4.4,115669,43818087
EverGrow Coin,egc,9.4242e-08,56374,43804741
ThunderCore,tt,0.00405746,699665,43759757
PIXL,pixl,0.087513,98728,43756661
Viction,vic,0.443225,11524452,43519675
Magpie,mgp,0.10707,144196,43472372
ShapeShift FOX,fox,0.069753,288688,43442085
PaLM AI,palm,0.555288,832514,43299046
AVA,ava,0.797446,3832699,43140150
Bit2Me,b2m,0.00876096,66693,43029869
Reef,reef,0.00187501,9549765,42980011
LUKSO [OLD],lyxe,2.75,60550,42771197
sETH,seth,3678.0,28012,42673316
Sanctum Infinity,inf,195.68,12025536,42670892
Stride Staked DYDX,stdydx,1.96,2371.75,42609539
MON Protocol,mon,0.314599,49248229,42504444
CEEK Smart VR,ceek,0.04854319,2012934,42413518
Veno Finance,vno,0.087809,26243,42276463
Voxies,voxel,0.232624,4274357,42172264
XCAD Network,xcad,0.79281,4190207,41836739
Streamr,data,0.054456,1324898,41823774
SelfKey,key,0.00693697,2798105,41716091
Lista USD,lisusd,1.0,368567,41539769
Biswap,bsw,0.082849,2340700,41385328
JetTon Games,jetton,1.7,342770,41279923
DeFiChain,dfi,0.050286,3212052,41188118
Kamino,kmno,0.04113037,543367,41168147
Cratos,crts,0.00069415,273141,41147144
Fideum,fi,0.01049029,407362,41135346
Paris Saint-Germain Fan Token,psg,3.45,2906330,40936044
StrikeX,strx,0.04893793,751556,40916286
Agoras: Currency of Tau,agrs,2.26,132495,40765702
SX Network,sx,0.081294,69418,40752886
Router Protocol,route,2.63,672632,40731617
DEAPCOIN,dep,0.00161359,1139338,40606691
THORSwap,thor,0.227608,338161,40582775
Harvest Finance,farm,60.46,1424002,40579514
Mode,mode,0.03124097,322507,40563279
Propbase,props,0.115677,1296248,40561715
TruFin Staked MATIC,trumatic,0.680995,1616.05,40438524
JPEG'd (OLD),jpeg,0.00058046,33409,40341897
Andy,andy,0.0405865,1130936,40317129
district0x,dnt,0.053146,1128309,40160059
Kin,kin,1.454e-05,283035,40112217
NORMIE,normie,0.04217032,3948052,40089571
IRISnet,iris,0.02472812,1060624,39921953
Botto,botto,0.923789,371484,39719102
ZTX,ztx,0.01292059,692970,39610762
Instadapp,inst,2.2,101329,39548715
Quickswap [OLD],quick,55.68,18663.43,39384695
EURC,eurc,1.071,1780201,39171647
Firmachain,fct,0.04532506,614890,39099690
AscendEx,asd,0.052337,1449549,39067024
Verasity,vra,0.00389928,11368769,39043371
Pandora,pandora,3886.89,3876508,38882341
mfercoin,mfer,0.03870733,12622724,38706825
Iagon,iag,0.101317,294344,38571893
Vertex,vrtx,0.156638,1627254,38424888
CHEQD Network,cheq,0.0519,94246,38412869
tooker kurlson,tooker,0.03952402,1404120,38350061
Zano,zano,2.65,121222,38141646
Habibi (Sol),habibi,0.0379789,4042890,38086418
Meter Governance,mtrg,1.14,187527,38008156
Cere Network,cere,0.00574584,748117,37973855
Atlas Navi,navi,0.250331,345472,37968676
UniLend Finance,uft,0.376986,2187855,37711977
WigoSwap,wigo,0.0217633,339180,37701645
Streamr XDATA,xdata,0.053876,216097,37618390
OX Coin,ox,0.0096313,205657,37613432
Quickswap,quick,0.052688,2890336,37363365
sUSD,susd,0.999365,1100671,37354942
HOPR,hopr,0.081035,388197,37316251
Propchain,propc,2.0,664880,37258148
AxonDAO Governance Token,axgt,0.233373,485992,37223094
zkRace,zerc,0.238708,436535,37194103
Planet IX,ixt,0.327637,743233,37155810
Welshcorgicoin,welsh,0.0037062,284580,37055661
Hector Network,hec,0.133537,320.62,36918149
Blendr Network,blendr,0.911411,4259215,36902242
KlimaDAO,klima,4.08,972129,36888767
Karate Combat,karate,0.00135134,518467,36816611
Circuits of Value,coval,0.02062682,422684,36720660
Advertise Coin,adco,0.812037,11808.85,36565006
Aura Finance,aura,0.75032,46301,36348782
Prime Staked ETH,primeeth,3167.45,8183.22,36243320
Keep3rV1,kp3r,71.0,3243593,36231596
Stargaze,stars,0.01449929,283614,36222788
FEG ETH,feg,0.00058438,137209,36195967
SingularityDAO,sdao,0.402137,404868,36094237
Ice Open Network,ice,0.00545382,3990403,36087120
Groestlcoin,grs,0.423075,2856886,36080549
TRAC (Ordinals),trac,1.71,733198,36022640
Stronghold,shx,0.00667215,199461,35974283
flexUSD,flexusd,0.215067,7.09,35776404
Snowbank,sb,224.08,6.61,35771869
Koinos,koin,0.425714,458862,35615732
Celo Dollar,cusd,0.99868,5625002,35535877
tomiNet,tomi,0.304801,28363551,35523753
Polytrade,trade,0.9624,914182,35338524
Kwenta,kwenta,66.11,39666,35294116
PolySwarm,nct,0.02036003,331415,35278259
Mdex (HECO),mdx,0.03709341,303774,35269994
Hydration,hdx,0.01326567,99716,35227788
QnA3.AI,gpt,0.273518,3370731,35223657
RETARDIO,retardio,0.0361843,3009868,35155114
MINATIVERSE,mntc,5.48,1068348,35084790
Dero,dero,2.76,46761,35059103
Index Coop - ETH 2x Flexible Leverage Index,eth2x-fli,32.3,8589.19,34949349
Measurable Data,mdt,0.057562,1459005,34946066
Moonchain,mxc,0.01430975,5896637,34941535
Sentinel Protocol,upp,0.070166,1381975,34916476
Moon Tropica,cah,12.77,389980,34671918
Hive Dollar,hbd,0.981312,74276,34596704
Mossland,moc,0.08369,4048782,34590695
MEOW,meow,0.02293085,65987,34437129
GraphLinq Chain,glq,0.101103,740170,34427374
Frax Price Index Share,fpis,1.17,4161.6,34145483
Swarm,bzz,0.499104,3787490,33990469
Mango,mngo,0.02591232,189214,33684266
KILT Protocol,kilt,0.245351,49388,33614519
Euro Tether,eurt,1.055,3522041,33582191
Stride Staked Atom,statom,10.88,578941,33556411
BTU Protocol,btu,0.419386,1579.76,33554990
TOR,tor,1.96,134.3,33419933
Kitten Haimer,khai,0.61715,464591,33237311
Impossible Finance Launchpad,idia,0.04357442,25281,33054347
Marinade,mnde,0.125378,320217,33043293
GoGoPool,ggp,7.95,12274.64,32906095
AhaToken,aht,0.00630983,274901,32784202
Astroport,astro,0.076982,43058,32667356
ThetaDrop,tdrop,0.00294841,74096,32606138
iMe Lab,lime,0.075132,9547946,32566130
Aura BAL,aurabal,8.87,62162,32444386
Hacken,hai,0.04949073,387227,32117155
Cetus Protocol,cetus,0.100153,5559697,32058588
Connex,conx,27.88,165005,32054433
Koi,koi,0.06376,295877,31921317
Tokocrypto,tko,0.425011,2147436,31909623
Velas,vlx,0.01225017,764563,31862495
HYCHAIN,topia,0.03429388,313483,31795399
Unifi Protocol DAO,unfi,4.01,4704306,31764189
cBAT,cbat,0.00463,0.0,31759699
XSGD,xsgd,0.737824,9064913,31567031
HyperGPT,hgpt,0.066204,5322058,31511343
Altura,alu,0.04366749,16018734,31486185
Ordiswap,ords,0.04716657,3596818,31331200
Fidu,fidu,0.632051,9455.83,31142253
Shiba Predator,qom,5.1824e-08,112911,31067558
Concordium,ccd,0.00324114,1117112,30994942
Index Cooperative,index,4.6,141268,30972379
League of Kingdoms,loka,0.269182,1969001,30938759
Virtua,tvk,0.174996,232842,30898772
Games for a Living,gfal,0.01950292,1378455,30807282
Cosplay Token,cot,0.03276507,901566,30779284
Aviator,avi,0.00461437,49188,30777633
PAID Network,paid,0.102057,60414,30733627
GXChain,gxc,0.408977,1816.03,30672819
NuNet,ntx,0.04776114,69197,30618260
PinkSale,pinksale,304.54,46.36,30453658
Phoenix Global [OLD],phb,0.00897815,5.17,30407921
Minswap,min,0.02562725,123037,30368124
ECOx,ecox,0.110381,169269,30361169
OORT,oort,0.230302,4071519,30348973
XPR Network,xpr,0.0011679,1209335,30110460
HairDAO,hair,46.55,3676.94,30072782
Everclear,next,0.279672,1790774,29824476
Blocksquare,bst,0.592143,1058956,29820940
Verum Coin,verum,318.19,333039,29779438
Tranchess,chess,0.185582,1736160,29698595
Hydro Protocol,hdro,0.199897,191149,29622198
BOB Token,bob,4.255e-05,3253081,29619433
Alpha Quark,aqt,1.1,1625065,29542490
RARI,rari,2.55,659105,29537688
Santos FC Fan Token,santos,5.32,12651111,29513711
Enzyme,mln,20.26,2065987,29498387
Klever,klv,0.00325806,671880,29415676
doginme,doginme,0.00043535,1755327,29390311
Solchat,chat,3.29,1972452,29323000
dForce,df,0.0417842,1460277,29297494
FEG BSC,feg,0.00058582,18201.95,29246770
Volt Inu,volt,4.69548e-07,255696,29235642
Dexalot,alot,0.582632,302527,29175113
Thala,thl,0.77207,440582,28972232
LumiWave,lwa,0.03746252,4877392,28915594
BIM,bim,1.13,95488,28796467
Kishu Inu,kishu,5.35279e-10,1124472,28726781
Beefy,bifi,357.78,641147,28642764
Vara Network,vara,0.054454,488594,28588384
FARCANA,far,0.04082744,1276524,28528799
AdEx,adx,0.197455,2218277,28493065
PIVX,pivx,0.339266,1375533,28389148
SAD HAMSTER,hammy,0.02885892,2106010,28356927
Decimal,del,0.00306339,111474,28295121
Tokemak,toke,0.618915,298924,28285968
TARS Protocol,tai,0.234277,6059764,28251828
KYVE Network,kyve,0.04752812,20038,28235984
Taraxa,tara,0.0066817,423596,28216513
enqAI,enqai,0.02896164,339227,28196349
BarnBridge,bond,2.9,2485799,28177769
Fluence,flt,0.562934,2302469,28150691
CrossFi,xfi,0.837266,804042,27882718
Mintlayer,ml,0.223432,2136518,27854658
Carbify,cby,2.84,333979,27787011
SLG.GAMES,slg,0.055658,886250,27646162
Katana Inu,kata,0.00100788,380261,27400686
TokenPocket Token,tpt,0.00788723,84861,27360580
MAI,mimatic,0.985364,8734.57,27169738
STON,ston,16.15,848344,27079506
Jackal Protocol,jkl,0.265056,42750,27041932
Shuffle,shfl,0.23963,662638,27029706
ParaSwap,psp,0.02146598,167468,27007912
APX,apx,0.061932,323560,26974179
BiLira,tryb,0.03128512,3754.78,26954672
Miracle Play,mpt,0.057528,192424,26938508
Brickken,bkn,0.426566,211510,26866989
Wing Finance,wing,6.18,3515832,26863175
SUKU,suku,0.107199,365840,26827998
Manifold Finance,fold,15.21,54006,26786624
Aquarius,aqua,0.00089356,65967,26601385
FOMO Network,fomo,0.055223,335292,26452486
UwU Lend,uwu,2.91,52131,26389739
Aventus,avt,2.85,157934,26381380
Catcoin,cat,5.26993e-10,8424149,26270153
TON FISH MEMECOIN,fish,8.7352e-08,1039323,26253800
FC Barcelona Fan Token,bar,2.4,1789633,26252514
Hegic,hegic,0.0242283,137198,26176587
MaidSafeCoin,emaid,0.843351,85027,26140458
Solcasino Token,scs,0.00812706,402464,26092538
BLOCKv,vee,0.0078862,10526.25,26075285
Mochi,mochi,2.606e-05,876314,26041115
Voyager Token,vgx,0.089151,10271578,26035597
VIDT DAO,vidt,0.0315618,696716,25987880
BreederDAO,breed,0.04599477,186441,25960925
Stader,sd,0.689327,829861,25940211
Flux Protocol,flx,0.096569,32298,25921773
BFG Token,bfg,0.02606075,197614,25914196
STEPN Green Satoshi Token on Solana,gst-sol,0.02243111,719009,25851104
Arc,arc,0.02682751,649572,25668066
Geodnet,geod,0.180591,52726,25629357
Crypto Asset Governance Alliance,caga,0.00043059,1500910,25449906
AirSwap,ast,0.124246,1090761,25400308
Aurory,aury,0.428723,44575,25314935
Optimus AI,opti,0.252304,80954,25305923
Morpheus Network,mnw,0.673702,150933,25304831
Archway,arch,0.076903,43150,25183469
UXD Protocol,uxp,0.00610439,72669,25182455
Only1,like,0.076382,1126043,25129749
PARSIQ,prq,0.096179,374240,25068569
Undeads Games,uds,0.776998,1720161,25042458
Stride Staked TIA,sttia,9.35,88037,25011846
Alpaca Finance,alpaca,0.167015,2861767,25009848
SIPHER,sipher,0.260236,26995,24982408
Troll,troll,2.5894e-08,14270622,24869266
BOOK,book,0.0201121,154040,24843928
GAMEE,gmee,0.02510901,1811371,24699793
Silly Dragon,silly,0.02453812,5682101,24613978
Holograph,hlg,0.01614341,7895025,24584380
AirDAO,amb,0.00870606,2461035,24461136
Cryptex Finance,ctx,4.14,333271,24433413
Alkimi,$ads,0.127995,147862,24411573
Vite,vite,0.0221433,628760,24223405
Laine Staked SOL,lainesol,183.05,772.17,23891471
Pepe 2.0,pepe2.0,5.0706e-08,4232827,23883974
T-mac DAO,tmg,13.53,44567,23683139
Boomer,boomer,0.02572656,698603,23682596
Nyan Heroes,nyan,0.220576,7706880,23680174
Gigachad,giga,0.00272374,262206,23668141
Kava Lend,hard,0.175499,957097,23649082
Petals,pts,0.00166098,9926.95,23562681
Open Exchange Token,ox old,0.00395943,2765.5,23538106
Avalaunch,xava,0.626878,319320,23526648
EURA,eura,1.077,306508,23293757
Hatom,htm,1.032,132639,23281434
ResearchCoin,rsc,0.243096,38698,23272587
Counterparty,xcp,8.97,4891.01,23244157
SideShift,xai,0.171394,10920.98,23224464
Xido Finance,xido,0.820062,10.0,23211779
higher,higher,0.02305337,329612,23169768
Pluton,plu,3.82,463303,23070681
Wrapped Ampleforth,wampl,35.57,338757,22964514
XT.com,xt,3.76,9200855,22830268
Extra Finance,extra,0.119701,42837,22758846
Libra Incentix,lixx,0.00339153,1399036,22723240
RabbitX,rbx,0.050127,1077749,22711685
Tectonic,tonic,8.8811e-08,16153.28,22621595
SafeMoon,sfm,4.034e-05,40103,22519229
Vega Protocol,vega,0.364649,259265,22504424
ICHI,ichi,2.61,170791,22497565
WiFi Map,wifi,0.073094,714081,22494654
Elon,elon,3.286e-05,3005185,22493622
Acet,act,0.01029712,176145,22465132
Zypto Token,zypto,0.02503812,142128,22429384
QASH,qash,0.02739982,30477,22287654
Football at AlphaVerse,fav,0.01235313,5.29,22235626
FIO Protocol,fio,0.03069762,1534553,22217171
Catgirl,catgirl,6.22998e-10,1423442,22207589
Gyroscope GYD,gyd,1.0,4090313,22207427
Platypus USD,usp,0.339044,14917.94,22186336
TROY,troy,0.00221133,1116830,22156854
RocketX Exchange,rvf,0.242202,99784,22155414
Metahero,hero,0.0028138,600637,22123537
ISKRA Token,isk,0.129906,117599,22068812
ZKFair,zkf,0.00220269,3442777,22039961
Zeek Coin,meow,2.59e-05,683469,21979134
VeraOne,vro,74.22,26519,21947615
Baby,baby,2.297e-05,296309,21904660
Electronic USD,eusd,1.0,575963,21806692
Manchester City Fan Token,city,2.75,2247152,21711474
Crust Network,cru,0.717081,808287,21664575
Firo,firo,1.57,824365,21587674
Taki Games,taki,0.01838081,3794896,21579823
Camelot Token,grail,1147.78,1184643,21489732
Orby Network USC Stablecoin,usc,0.921401,3765283,21470060
Neurai,xna,0.00171119,334322,21451123
KRYLL,krl,0.583671,190396,21339832
OG Fan Token,og,4.39,4203911,21230507
Arianee,aria20,0.235583,608.59,21188381
chrono.tech,time,29.74,233126,21111640
renBTC,renbtc,69290,5294.46,21106812
Alpine F1 Team Fan Token,alpine,1.85,11239783,21046621
Poollotto.finance,plt,1.4,57332,20995542
Dragonchain,drgn,0.056896,45213,20962005
Ternoa,caps,0.01327764,501033,20953683
Ellipsis [OLD],eps,0.03000857,1969.32,20943627
Inverse Finance,inv,38.6,177447,20893268
FLEX Coin,flex,0.211711,846.85,20888500
Dmail Network,dmail,0.513387,7011612,20878839
Solend,slnd,0.534962,60107,20832527
KONDUX,kndx,0.03770418,55327,20621656
Nexa,nexa,3.72e-06,380263,20599627
Artrade,atr,0.01251194,6880156,20582632
Strips Finance,strp,0.673961,24504,20545111
Scallop,sclp,0.2605,1058832,20523543
Holdstation,hold,3.95,1602978,20522286
Cronos ID,croid,0.133777,25377,20517625
HXRO,hxro,0.03300912,13652.07,20478389
Mars Protocol,mars,0.065725,59728,20474848
Sentinel,dvpn,0.00111345,273187,20439839
Helium IOT,iot,0.00073047,99552,20429249
DeFi Pulse Index,dpi,102.27,79023,20366646
Cellframe,cell,0.708556,461281,20358210
Lazio Fan Token,lazio,2.45,3867687,20322207
BurgerCities,burger,0.611069,13596349,20319330
Evmos,evmos,0.04015996,646217,20301826
Plxyer,plxy,0.02047299,181386,20293000
WAGMI Games,wagmigames,1.031e-05,2234131,20267160
Polimec,plmc,0.364521,94133,20234770
Kleros,pnk,0.02782835,90654,20233898
Quantum Resistant Ledger,qrl,0.258539,503685,20197315
Smart Layer Network,sln,1.25,2634448,20177609
Openfabric AI,ofn,0.325417,565066,20144617
BitMEX,bmex,0.202013,38622,20134387
Bytom,btm,0.01115522,234343,20074215
cUNI,cuni,0.213007,11.32,20064876
Gifto,gft,0.02008363,2440628,20060239
MOOxMOO,moox,0.151239,43506,19963557
UFO Gaming,ufo,7.72648e-07,433349,19876440
LIF3 (OLD),lif3,0.00759623,29.81,19870713
Shido,shido,0.00109364,511220,19811653
Galatasaray Fan Token,gal,2.1,1128143,19782619
Galeon,galeon,0.02865152,79913,19756826
Pintu,ptu,0.267832,19881.02,19741573
StorX,srx,0.04373019,468335,19727221
bZx Protocol,bzrx,0.02074662,125.29,19705573
Robonomics Network,xrt,6.81,38177,19635212
Sperax,spa,0.01157044,860928,19581279
BobaCat,psps,0.03355256,258881,19537570
THREE,$three,0.195671,505276,19535475
BILLION•DOLLAR•CAT (Runes),billy,0.01985852,446331,19459522
Badmad Robots,metal,0.02714769,112860,19408133
AS Roma Fan Token,asr,3.12,13145393,19386881
Vita Inu,vinu,2.15e-08,10272012,19383400
Harambe on Solana,harambe,0.01920717,693490,19194534
GuildFi,gf,0.343823,6397.76,19193803
MUX Protocol,mcb,5.05,35744,19193047
xExchange,mex,4.59e-06,222044,19172136
Base God,tybg,0.00015551,1087719,19107177
Verified USD,usdv,0.998925,2625526,19094580
Vectorspace AI,vxv,0.501046,46472,19051766
Lifeform,lft,0.158729,23724903,19047698
Credefi,credi,0.02552848,509341,18984215
KOALA AI,koko,2.01e-06,2171458,18950509
DexCheck AI,dck,0.04611393,1684397,18855649
MELD [OLD],meld,0.01272933,3077.68,18854275
Kenshi,kns,0.02157156,29072,18588280
DeFi,defi,0.08222,2690970,18579647
OHO Blockchain,oho,0.00076954,1266764,18573543
bitsCrunch Token,bcut,0.097023,98697,18484993
Vector ETH,veth,3499.66,5883.8,18392991
Scallop,sca,0.606709,8458817,18326936
Buying.com,buy,0.02984141,224931,18321998
ANGLE,angle,0.090899,61251,18307142
Coinmetro,xcm,0.060479,13184.83,18286616
Solanium,slim,0.18749,629640,18258338
Tree,tree,0.17678,463051,18249527
Pajamas Cat,pajamas,0.01862244,625255,18248165
Rangers Protocol Gas,rpg,1.96,216882,18229195
xSUSHI,xsushi,1.45,689.27,18209855
HELLO,hello,0.03429304,952919,18207955
Adshares,ads,0.469253,6260.69,18177352
Chain-key Bitcoin,ckbtc,70480,111514,18175388
Baanx,bxx,0.072591,28230,18147704
Decentral Games,dg,0.02332375,556.05,18114881
Raini Studios Token,rst,0.03199132,181998,18094297
Shyft Network,shft,0.00835141,4024.22,18088781
Altered State Machine,asto,0.02249776,5894888,18052572
BeethovenX sFTMX,sftmx,0.778482,80882,18001342
Media Licensing Token,mlt,0.122774,200832,17971826
LinqAI,lnq,0.119768,786622,17965204
Step Finance,step,0.04749751,341253,17964744
RigoBlock,grg,2.71,23.39,17858037
XANA,xeta,0.00751152,5446204,17846879
Talken,talk,0.087755,91128,17835510
PondCoin,pndc,1.89858e-07,599282,17827566
DFI.money,yfii,448.67,2616764,17808552
Enjinstarter,ejs,0.00445599,304192,17752455
Astrafer,astrafer,0.112147,52793,17707220
Stobox,stbu,0.184388,169048,17679625
MAGA VP,mvp,0.400599,1428426,17671523
Creo Engine,creo,0.060905,2107254,17671378
KardiaChain,kai,0.00369768,162002,17646646
LEOX,leox,0.6978,333739,17576720
GameGPT,duel,0.00665884,2768809,17567244
Newscrypto Coin,nwc,0.103395,102885,17522595
NFT Worlds,wrld,0.03188144,36453,17500790
Orange,ornj,0.25,6433993,17474975
Stader BNBx,bnbx,707.46,243672,17468599
Stader NearX,nearx,7.54,1.84,17437075
Viberate,vib,0.097291,5226280,17437017
nuco.cloud,ncdt,0.519495,188332,17410102
XEN Crypto,xen,1.6466e-07,1199317,17407486
Nimiq,nim,0.00147178,173079,17298068
Symbiosis,sis,0.270021,2411169,17292696
Metacade,mcade,0.00983339,358838,17268863
Step App,fitfi,0.00670536,3563654,17265393
Polaris Share,pola,0.03771411,684949,17260046
GME (Ethereum),gme,4.269e-05,4370590,17241152
PIP,pip,0.09166,693947,17236653
AIT Protocol,ait,0.205592,439755,17210767
NvirWorld,nvir,0.01398182,3186218,17163411
PolyDoge,polydoge,1.9813e-08,931732,17004091
Silo Finance,silo,0.05353,65479,16993170
Stride Staked Osmo,stosmo,0.82974,176562,16992118
Solama,solama,0.02519771,460180,16972269
THORWallet DEX,tgt,0.03276845,71219,16963567
Spectre AI,spectre,1.7,95523,16943096
TrustSwap,swap,0.170008,7008714,16924029
OPEN Ticketing Ecosystem,opn,0.00153198,202005,16922110
QORPO WORLD,qorpo,0.275126,721184,16898607
Cakepie,ckp,6.73,435270,16893191
SatoshiVM,savm,2.31,796280,16859116
Lingose,ling,0.00263159,6536757,16852435
Huobi BTC,hbtc,17365.04,154.24,16835178
Param,param,0.064829,8503757,16790595
Ambire Wallet,wallet,0.02826295,1450404,16775623
Quiztok,qtcon,0.00184841,155103,16767722
Spookyswap,boo,1.68,93286,16668607
Kyber Network Crystal Legacy,kncl,0.773832,959064,16625995
Penpie,pnp,3.2,85066,16621435
Thetanuts Finance,nuts,0.01575527,66527,16621316
SubQuery Network,sqt,0.01667425,286878,16614423
WINR Protocol,winr,0.04400156,144395,16563716
Image Generation AI,imgnai,0.02129457,131263,16549999
Passage,pasg,0.01922594,30524,16547978
SpaceN,sn,0.412495,21571,16513722
Synesis One,sns,0.03209575,1678369,16465382
Fimarkcoin.com,fmc,0.0006362,8984365,16415123
zkSwap Finance,zf,0.04349983,7052548,16414389
Abelian,abel,0.175936,446318,16404074
PLAYA3ULL GAMES,3ull,0.00166545,424772,16252558
BlockGames,block,0.119561,2649990,16251167
Indigo Protocol,indy,1.33,112268,16194224
Foxsy AI,foxsy,0.0796,184716,16176888
Fei USD,fei,0.99672,1549.62,16172405
00 Token,00,0.069336,84483,16125685
TEH EPIK DUCK,epik,0.01900056,463680,16120810
Saito,saito,0.00754529,220078,16062386
Lumerin,lmr,0.0263544,77596,16008105
Planet Token,planet,1.87e-05,1877083,15917955
NAVI Protocol,navx,0.124363,11286678,15876088
XDAO,xdao,0.677415,796840,15842771
Domani Protocol,dextf,0.240561,52944,15830679
Tower,tower,0.00996527,211024,15815309
Grape,grp,3.56,243761,15772526
Aeternity,ae,0.03706863,512245,15757966
Arkadiko,diko,0.207253,4179.68,15757784
KOMPETE,kompete,0.02322413,16144.02,15702702
Gamium,gmm,0.0003349,248492,15681357
Juventus Fan Token,juv,2.19,3923289,15463781
dForce USD,usx,0.992086,1293.01,15391548
Hacash Diamond,hacd,166.05,26896,15375052
Fractal,fra,0.00132618,395578,15369657
Matrix AI Network,man,0.03446309,286855,15342216
BabyBonk,babybonk,3.65e-11,5133887,15335227
DexNet,dexnet,0.03829831,783848,15294305
BXN,bxn,0.00308349,439367,15289038
Toucan Protocol: Base Carbon Tonne,bct,0.831172,10566.14,15284594
Thales,thales,0.278175,31261,15274674
veCRV-DAO yVault,yve-crvdao,0.745024,111.57,15272701
GoGoPool ggAVAX,ggavax,34.61,12935.69,15272059
Picasso,pica,0.00291765,524617,15227535
Port3 Network,port3,0.134885,1293904,15191022
Thought,tht,0.03357099,50373,15161478
Honeyland,hxd,0.04157812,116138,15150676
BIDZ Coin,bidz,0.00507941,64920,15039904
Houdini Swap,lock,0.473336,116823,15027099
Prisma mkUSD,mkusd,0.979922,152716,14979604
Peercoin,ppc,0.518361,120606,14924409
Datamall Coin,dmc,0.03875796,677169,14894335
Ethix,ethix,0.211193,215.33,14888532
Tarot,tarot,0.238402,52187,14879570
Wagmi,wagmi,0.00981609,61356,14841443
Ovr,ovr,0.289079,778391,14819716
WeWay,wwy,0.00393729,2783242,14798526
AI INU,aiinu,0.03400493,487831,14769833
Diamond Launch,dlc,0.15366,73792,14763105
NFTX,nftx,35.12,64519,14749109
